feature,below_0,above_1,pct_violating
total_assets_over_total_liabilities,3.0,23757.0,94.58
sales_over_total_assets,36.0,20092.0,80.12
total_sales_over_total_assets,26.0,20024.0,79.81
operating_expenses_over_total_liabilities,1530.0,15935.0,69.52
current_assets_over_total_liabilities,1.0,15380.0,61.23
book_value_of_equity_over_total_liabilities,1425.0,12998.0,57.41
retained_earnings_over_total_assets,10875.0,124.0,43.78
EBITDA_profit_on_operating_activities_minus_depreciation_over_total_assets,10582.0,84.0,42.46
gross_profit_plus_depreciation_over_total_liabilities,3697.0,4396.0,32.22
net_profit_plus_depreciation_over_total_liabilities,3719.0,3971.0,30.61
gross_profit_in_3_years_over_total_assets,5036.0,728.0,22.94
working_capital_over_total_assets,5711.0,5.0,22.75
net_profit_over_total_assets,5469.0,65.0,22.03
profit_on_operating_activities_over_total_assets,5435.0,96.0,22.02
gross_profit_plus_interest_over_total_assets,5347.0,94.0,21.66
gross_profit_over_total_assets,5345.0,96.0,21.66
EBIT_over_total_assets,5343.0,94.0,21.64
profit_on_sales_over_total_assets,4975.0,103.0,20.21
gross_profit_plus_extraordinary_items_plus_financial_expenses_over_total_assets,4659.0,105.0,18.96
equity_minus_share_capital_over_total_assets,3051.0,26.0,12.25
equity_over_total_assets,1419.0,37.0,5.8
total_liabilities_over_total_assets,22.0,1358.0,5.49
constant_capital_over_total_assets,945.0,37.0,3.91
short_term_liabilities_over_total_assets,37.0,833.0,3.46
