column,missing_pct_overall,missing_pct_bankrupt,missing_pct_safe,chi2_pvalue,related_to_target
profit_on_operating_activities_over_financial_expenses,6.37,34.81,5.03,0.0,True
gross_profit_plus_extraordinary_items_plus_financial_expenses_over_total_assets,0.1,2.04,0.01,5.160969974476369e-91,True
sales_n_over_sales_n_minus_1,15.57,31.71,14.81,1.9418519288549177e-52,True
net_profit_over_inventory,5.09,9.33,4.89,6.017405481928865e-11,True
sales_over_inventory,5.1,9.33,4.91,7.152531762886141e-11,True
gross_profit_in_3_years_over_total_assets,2.08,0.0,2.18,9.847615697359e-07,True
total_liabilities_over_profit_on_operating_activities_plus_depreciation_times_12_over_365,1.82,0.0,1.9,5.126497058475635e-06,True
sales_over_fixed_assets,1.95,3.46,1.88,0.0002805303866933437,True
working_capital_over_fixed_assets,1.95,3.46,1.88,0.0002805303866933437,True
constant_capital_over_fixed_assets,1.95,3.46,1.88,0.0002805303866933437,True
equity_over_fixed_assets,1.95,3.46,1.88,0.0002805303866933437,True
inventory_times_365_over_cost_of_products_sold,0.73,0.09,0.76,0.015827449342001837,True
short_term_liabilities_times_365_over_cost_of_products_sold,0.74,0.18,0.76,0.03885332804776837,True
current_assets_minus_inventories_over_long_term_liabilities,44.4,46.89,44.28,0.0904308179947481,False
cash_plus_short_term_securities_plus_receivables_minus_short_term_liabilities_over_operating_expenses_minus_depreciation_times_365,0.23,0.0,0.24,0.18786798590737339,False
gross_profit_plus_depreciation_over_sales,0.31,0.53,0.3,0.2584624598726072,False
gross_profit_plus_interest_over_sales,0.31,0.53,0.3,0.2584624598726072,False
EBITDA_profit_on_operating_activities_minus_depreciation_over_sales,0.31,0.53,0.3,0.2584624598726072,False
total_liabilities_minus_cash_over_sales,0.31,0.53,0.3,0.2584624598726072,False
net_profit_over_sales,0.31,0.53,0.3,0.2584624598726072,False
profit_on_sales_over_sales,0.31,0.53,0.3,0.2584624598726072,False
receivables_times_365_over_sales,0.31,0.53,0.3,0.2584624598726072,False
rotation_receivables_plus_inventory_turnover_in_days,0.31,0.53,0.3,0.2584624598726072,False
profit_on_operating_activities_over_sales,0.31,0.53,0.3,0.2584624598726072,False
sales_minus_cost_of_products_sold_over_sales,0.31,0.53,0.3,0.2584624598726072,False
short_term_liabilities_times_365_over_sales,0.31,0.53,0.3,0.2584624598726072,False
inventory_times_365_over_sales,0.31,0.53,0.3,0.2584624598726072,False
gross_profit_over_sales,0.31,0.53,0.3,0.2721076563029228,False
current_assets_minus_inventory_minus_short_term_liabilities_over_sales_minus_gross_profit_minus_depreciation,0.01,0.09,0.01,0.30773236018437944,False
long_term_liabilities_over_equity,0.01,0.09,0.01,0.30773236018437944,False
current_liabilities_times_365_over_cost_of_products_sold,0.89,0.62,0.9,0.4099426405941553,False
total_costs_overtotal_sales,0.21,0.36,0.2,0.4549391938378333,False
gross_profit_over_short_term_liabilities,0.31,0.18,0.32,0.5850758478811474,False
current_assets_minus_inventory_minus_receivables_over_short_term_liabilities,0.31,0.18,0.32,0.5850758478811474,False
operating_expenses_over_short_term_liabilities,0.31,0.18,0.32,0.5850758478811474,False
current_assets_over_short_term_liabilities,0.31,0.18,0.32,0.5850758478811474,False
sales_over_short_term_liabilities,0.31,0.18,0.32,0.5850758478811474,False
total_liabilities_times_365_over_gross_profit_plus_depreciation,0.09,0.0,0.09,0.6163056588138436,False
sales_over_total_assets,0.03,0.09,0.03,0.7336739164511635,False
current_assets_minus_inventory_over_short_term_liabilities,0.31,0.27,0.32,0.9821765089790949,False
total_assets_over_total_liabilities,0.2,0.18,0.2,1.0,False
current_assets_over_total_liabilities,0.2,0.18,0.2,1.0,False
net_profit_plus_depreciation_over_total_liabilities,0.2,0.18,0.2,1.0,False
operating_expenses_over_total_liabilities,0.2,0.18,0.2,1.0,False
book_value_of_equity_over_total_liabilities,0.2,0.18,0.2,1.0,False
EBITDA_profit_on_operating_activities_minus_depreciation_over_total_assets,0.02,0.0,0.02,1.0,False
gross_profit_plus_depreciation_over_total_liabilities,0.2,0.18,0.2,1.0,False
sales_over_receivables,0.23,0.27,0.23,1.0,False
logarithm_of_total_assets,0.01,0.0,0.01,1.0,False
net_profit_over_total_assets,0.01,0.0,0.01,1.0,False
gross_profit_over_total_assets,0.01,0.0,0.01,1.0,False
working_capital_over_total_assets,0.01,0.0,0.01,1.0,False
profit_on_sales_over_total_assets,0.01,0.0,0.01,1.0,False
profit_on_operating_activities_over_total_assets,0.01,0.0,0.01,1.0,False
total_liabilities_over_total_assets,0.01,0.0,0.01,1.0,False
total_sales_over_total_assets,0.01,0.0,0.01,1.0,False
retained_earnings_over_total_assets,0.01,0.0,0.01,1.0,False
equity_minus_share_capital_over_total_assets,0.01,0.0,0.01,1.0,False
equity_over_total_assets,0.01,0.0,0.01,1.0,False
EBIT_over_total_assets,0.01,0.0,0.01,1.0,False
gross_profit_plus_interest_over_total_assets,0.01,0.0,0.01,1.0,False
constant_capital_over_total_assets,0.01,0.0,0.01,1.0,False
short_term_liabilities_over_total_assets,0.01,0.0,0.01,1.0,False
working_capital,0.0,0.0,0.0,1.0,False
