feature,skewness,kurtosis
current_assets_minus_inventory_over_short_term_liabilities,155.45785729274857,24460.355603554828
current_assets_over_short_term_liabilities,155.33557052050736,24434.463712724137
long_term_liabilities_over_equity,152.80605024470708,23869.97443287716
total_costs_overtotal_sales,151.17322707573794,23478.33206194896
short_term_liabilities_times_365_over_cost_of_products_sold,148.77330036949667,22826.577254443382
current_liabilities_times_365_over_cost_of_products_sold,143.10666269119668,21489.13058732506
sales_over_short_term_liabilities,141.40587680095044,21216.135985767294
current_assets_over_total_liabilities,138.3255973913327,20123.86092240167
total_liabilities_minus_cash_over_sales,136.14092956192295,20148.375959805064
operating_expenses_over_short_term_liabilities,134.3436363050064,19637.226139514558
operating_expenses_over_total_liabilities,128.5581248648043,18282.2108628636
inventory_times_365_over_cost_of_products_sold,115.16797652544047,13661.370943450755
receivables_times_365_over_sales,115.04162385397296,14428.195497665805
rotation_receivables_plus_inventory_turnover_in_days,113.97910253846952,14218.825206402236
current_assets_minus_inventories_over_long_term_liabilities,112.2160631702607,14561.64403733566
sales_over_inventory,109.85408928357779,14158.234241569036
total_sales_over_total_assets,103.3058330602817,12420.766170290954
sales_over_total_assets,102.76183664022022,12327.596400954695
sales_n_over_sales_n_minus_1,101.58624365086422,10828.37109663979
short_term_liabilities_times_365_over_sales,100.26880921320871,12499.755390680857
equity_over_fixed_assets,97.49137645420835,10825.317869371156
constant_capital_over_fixed_assets,97.4826902517741,10818.116589626241
profit_on_sales_over_total_assets,89.0225791190074,8873.01109115606
sales_over_fixed_assets,85.32173577251113,8338.114954653669
profit_on_operating_activities_over_total_assets,82.94390446612364,8675.647715994673
inventory_times_365_over_sales,82.2985377493045,7537.386784070788
gross_profit_plus_extraordinary_items_plus_financial_expenses_over_total_assets,79.89603476624677,7928.605954928066
EBIT_over_total_assets,79.0502003975211,7849.44313094408
gross_profit_plus_interest_over_total_assets,79.05019937284872,7849.443126573444
EBITDA_profit_on_operating_activities_minus_depreciation_over_total_assets,78.66259399712358,8310.18436018506
gross_profit_over_total_assets,78.25395242314217,7735.535316193203
short_term_liabilities_over_total_assets,76.78816939965839,6011.922390196183
total_liabilities_over_total_assets,75.75405059115829,5912.438943105864
book_value_of_equity_over_total_liabilities,68.82865234120243,5301.386935897252
total_assets_over_total_liabilities,68.31314325409049,5235.403254168592
gross_profit_plus_depreciation_over_sales,64.32082862628909,7226.00737195226
total_liabilities_over_profit_on_operating_activities_plus_depreciation_times_12_over_365,64.24591976290974,6413.899824939673
current_assets_minus_inventory_minus_receivables_over_short_term_liabilities,62.939510440454136,5055.555218917844
sales_over_receivables,61.98179018578248,5124.224206601121
equity_minus_share_capital_over_total_assets,57.569268648917465,7843.755226415461
gross_profit_in_3_years_over_total_assets,56.261022102281395,4322.805007991611
total_liabilities_times_365_over_gross_profit_plus_depreciation,52.62715327966705,5729.698169080169
profit_on_operating_activities_over_financial_expenses,52.47211739822784,3447.140195650099
net_profit_plus_depreciation_over_total_liabilities,47.49790373649491,7017.209688270497
gross_profit_plus_depreciation_over_total_liabilities,46.13382647871082,6299.344370416546
gross_profit_over_short_term_liabilities,44.61928028765183,6478.306688575852
constant_capital_over_total_assets,44.468741597560125,3307.1817006858037
equity_over_total_assets,44.4634878641856,3306.1754209616106
working_capital,43.44867297244928,3467.1687643581504
working_capital_over_fixed_assets,33.36726592689065,2412.5313580210463
logarithm_of_total_assets,-0.0480132426412641,0.976452221022126
cash_plus_short_term_securities_plus_receivables_minus_short_term_liabilities_over_operating_expenses_minus_depreciation_times_365,-28.41694384785213,4304.476439827449
current_assets_minus_inventory_minus_short_term_liabilities_over_sales_minus_gross_profit_minus_depreciation,-34.57449697570077,4398.158986763411
gross_profit_plus_interest_over_sales,-41.05042429803096,3806.5681790335157
gross_profit_over_sales,-43.023312792924195,4004.5868015704127
retained_earnings_over_total_assets,-46.62001070539868,4183.850681306568
net_profit_over_sales,-50.71264259158107,4270.791985371579
EBITDA_profit_on_operating_activities_minus_depreciation_over_sales,-58.20828149758474,3981.386605498825
profit_on_operating_activities_over_sales,-61.46894828583428,4542.878317914778
working_capital_over_total_assets,-76.654328182517,5998.5012107528155
net_profit_over_inventory,-77.0749599199162,13341.48304901404
sales_minus_cost_of_products_sold_over_sales,-108.13786101580854,12015.50705414366
net_profit_over_total_assets,-115.76868822556193,15973.957464159812
profit_on_sales_over_sales,-143.408525097272,21741.55115441049
