feature,abs_correlation
logarithm_of_total_assets,0.04588586788710997
total_liabilities_over_total_assets,0.03496065735331371
working_capital_over_total_assets,0.034581391822923045
short_term_liabilities_over_total_assets,0.03439768777913745
retained_earnings_over_total_assets,0.030944598654323856
profit_on_sales_over_sales,0.027875274052059123
equity_minus_share_capital_over_total_assets,0.0213721771364126
gross_profit_over_short_term_liabilities,0.02036262354983693
working_capital,0.01900584716624902
sales_minus_cost_of_products_sold_over_sales,0.01786377308388119
gross_profit_plus_depreciation_over_total_liabilities,0.017338994707895208
net_profit_plus_depreciation_over_total_liabilities,0.017055218357748658
equity_over_total_assets,0.01691326303021037
constant_capital_over_total_assets,0.016895453285655414
gross_profit_in_3_years_over_total_assets,0.0097446504412064
constant_capital_over_fixed_assets,0.008150178739426481
equity_over_fixed_assets,0.008095272744675384
net_profit_over_total_assets,0.007960979150005808
profit_on_sales_over_total_assets,0.007896267947874198
profit_on_operating_activities_over_financial_expenses,0.007535837284229739
total_liabilities_over_profit_on_operating_activities_plus_depreciation_times_12_over_365,0.007423445074806592
total_liabilities_times_365_over_gross_profit_plus_depreciation,0.006608748270251379
gross_profit_over_total_assets,0.006001005059504386
gross_profit_plus_interest_over_total_assets,0.005857964239015093
EBIT_over_total_assets,0.00585763686146566
sales_over_fixed_assets,0.0056251519329272555
profit_on_operating_activities_over_total_assets,0.005565760951646468
gross_profit_plus_extraordinary_items_plus_financial_expenses_over_total_assets,0.005416797239803658
EBITDA_profit_on_operating_activities_minus_depreciation_over_total_assets,0.004709915195918167
sales_over_receivables,0.0046924566816324564
short_term_liabilities_times_365_over_sales,0.0043013466086350245
profit_on_operating_activities_over_sales,0.004281847962347691
total_liabilities_minus_cash_over_sales,0.004251943261279981
gross_profit_plus_interest_over_sales,0.0038938505965436672
current_assets_minus_inventory_minus_short_term_liabilities_over_sales_minus_gross_profit_minus_depreciation,0.0035717948485611104
gross_profit_plus_depreciation_over_sales,0.003564493922661998
EBITDA_profit_on_operating_activities_minus_depreciation_over_sales,0.003527652011299803
net_profit_over_sales,0.003463819065176675
gross_profit_over_sales,0.003232034843165464
inventory_times_365_over_sales,0.0032085512115233674
working_capital_over_fixed_assets,0.0030450573384572803
total_assets_over_total_liabilities,0.0029947438482374683
book_value_of_equity_over_total_liabilities,0.0029544238389534938
sales_n_over_sales_n_minus_1,0.002746059984817392
sales_over_total_assets,0.002412109669007015
inventory_times_365_over_cost_of_products_sold,0.0023132471418803946
sales_over_inventory,0.0022830933384406327
current_assets_minus_inventory_minus_receivables_over_short_term_liabilities,0.002200137206849658
receivables_times_365_over_sales,0.0019922298615807394
sales_over_short_term_liabilities,0.001959084302982123
total_costs_overtotal_sales,0.001891640730087052
rotation_receivables_plus_inventory_turnover_in_days,0.0018882835694796444
current_assets_minus_inventories_over_long_term_liabilities,0.0018208560979992466
total_sales_over_total_assets,0.0017926654172621054
long_term_liabilities_over_equity,0.001675688713379408
current_assets_over_total_liabilities,0.0016434269210220725
short_term_liabilities_times_365_over_cost_of_products_sold,0.0015919159968958412
current_assets_minus_inventory_over_short_term_liabilities,0.0015770372818533097
operating_expenses_over_short_term_liabilities,0.0014825767070170035
cash_plus_short_term_securities_plus_receivables_minus_short_term_liabilities_over_operating_expenses_minus_depreciation_times_365,0.0014057532350102077
current_assets_over_short_term_liabilities,0.0012712470215368043
current_liabilities_times_365_over_cost_of_products_sold,0.0011700475067738185
operating_expenses_over_total_liabilities,0.0008909737818775412
net_profit_over_inventory,0.0002744946904350991
