feature,vif
gross_profit_plus_interest_over_total_assets,149714493.35947704
EBIT_over_total_assets,2200.06811223073
total_assets_over_total_liabilities,345.98954504779664
gross_profit_plus_depreciation_over_total_liabilities,209.62327609940033
total_liabilities_over_total_assets,161.94945090917403
gross_profit_over_sales,123.22045990756725
total_costs_overtotal_sales,106.89475190284965
gross_profit_over_total_assets,83.96536566483967
rotation_receivables_plus_inventory_turnover_in_days,64.98803748910052
constant_capital_over_fixed_assets,60.773900051400204
constant_capital_over_total_assets,46.44243322326851
profit_on_operating_activities_over_total_assets,44.677733925858064
current_assets_over_short_term_liabilities,41.78680692947386
EBITDA_profit_on_operating_activities_minus_depreciation_over_sales,33.43330527931225
sales_over_short_term_liabilities,30.610598636879153
logarithm_of_total_assets,29.78511647344831
short_term_liabilities_times_365_over_cost_of_products_sold,29.584149424538175
net_profit_over_sales,25.836612727647115
gross_profit_plus_extraordinary_items_plus_financial_expenses_over_total_assets,20.93542384968097
current_assets_over_total_liabilities,19.596642677014938
total_sales_over_total_assets,19.20605724387761
equity_over_fixed_assets,15.955133664618227
current_assets_minus_inventory_over_short_term_liabilities,14.719260489468436
equity_over_total_assets,14.53180731163983
inventory_times_365_over_sales,14.257441739488499
short_term_liabilities_times_365_over_sales,12.952235146248752
gross_profit_plus_depreciation_over_sales,10.84834723558172
net_profit_over_total_assets,10.10101428767724
