feature,mean_abs_shap,mean_signed_shap
operating_expenses_over_total_liabilities,0.657931,-0.55968374
profit_on_operating_activities_over_financial_expenses_was_missing,0.4983533,-0.19872111
profit_on_sales_over_sales,0.43864608,-0.26003
sales_minus_cost_of_products_sold_over_sales,0.43470532,-0.04400565
gross_profit_in_3_years_over_total_assets,0.41184205,-0.22282739
sales_n_over_sales_n_minus_1_was_missing,0.4040614,-0.2136878
cash_plus_short_term_securities_plus_receivables_minus_short_term_liabilities_over_operating_expenses_minus_depreciation_times_365,0.39286104,-0.29701474
operating_expenses_over_short_term_liabilities,0.37088028,-0.014934594
net_profit_plus_depreciation_over_total_liabilities,0.36399758,-0.18148832
profit_on_operating_activities_over_financial_expenses,0.30490497,-0.21405894
equity_minus_share_capital_over_total_assets,0.29798275,-0.1497826
profit_on_sales_over_total_assets,0.29315922,-0.19061469
EBITDA_profit_on_operating_activities_minus_depreciation_over_total_assets,0.2860189,-0.12787649
retained_earnings_over_total_assets,0.28058282,-0.20797901
total_liabilities_minus_cash_over_sales,0.22168681,-0.13959041
period_4,0.21725135,-0.008976495
sales_over_inventory,0.20998876,-0.06392715
current_assets_minus_inventories_over_long_term_liabilities,0.2006619,-0.08186646
inventory_times_365_over_cost_of_products_sold,0.18156266,-0.08417532
agg_leverage_mean,0.177276,-0.11431675
total_liabilities_over_profit_on_operating_activities_plus_depreciation_times_12_over_365,0.17457195,-0.10991958
current_assets_minus_inventory_minus_receivables_over_short_term_liabilities,0.16986886,-0.10487929
book_value_of_equity_over_total_liabilities,0.16602814,-0.0904938
sales_over_total_assets,0.16215007,-0.12062952
current_liabilities_times_365_over_cost_of_products_sold,0.15714645,-0.012502733
profit_on_operating_activities_over_sales,0.14971249,-0.13280945
net_profit_over_inventory,0.14381757,-0.087673746
sales_n_over_sales_n_minus_1,0.13856962,-0.1072394
sales_over_receivables,0.13652064,-0.05526329
working_capital_over_total_assets,0.13605115,0.0062661543
working_capital,0.13287273,-0.048182767
long_term_liabilities_over_equity,0.11425789,-0.07243979
period_2,0.11198294,-0.007873084
working_capital_over_fixed_assets,0.107025005,-0.057719562
sales_over_fixed_assets,0.10675186,-0.07684341
agg_liquidity_mean,0.093656,-0.031826902
gross_profit_plus_interest_over_sales,0.09123542,-0.031381715
short_term_liabilities_over_total_assets,0.08772104,-0.05848176
receivables_times_365_over_sales,0.083076976,-0.051443182
current_assets_minus_inventory_minus_short_term_liabilities_over_sales_minus_gross_profit_minus_depreciation,0.08107281,-0.03716276
agg_profitability_mean,0.07893104,-0.052796584
agg_efficiency_mean,0.07767051,-0.053397328
total_liabilities_times_365_over_gross_profit_plus_depreciation,0.07238656,-0.047610838
altman_z,0.07127303,-0.05274397
gross_profit_over_short_term_liabilities,0.06764474,-0.047732696
period_1,0.06432582,-0.011437312
gross_profit_in_3_years_over_total_assets_was_missing,0.050981972,-0.021320054
period_3,0.02437695,0.0033340333
gross_profit_plus_extraordinary_items_plus_financial_expenses_over_total_assets_was_missing,0.01447649,-0.012448098
total_liabilities_over_profit_on_operating_activities_plus_depreciation_times_12_over_365_was_missing,0.014427695,-0.0074058715
sales_over_inventory_was_missing,0.012958518,-0.004791109
working_capital_over_fixed_assets_was_missing,0.0035640781,-0.003009237
equity_over_fixed_assets_was_missing,0.0034455147,-0.0017576265
inventory_times_365_over_cost_of_products_sold_was_missing,0.0010791417,-0.0003996543
net_profit_over_inventory_was_missing,0.0007105342,-0.00038579456
sales_over_fixed_assets_was_missing,0.0,0.0
constant_capital_over_fixed_assets_was_missing,0.0,0.0
